{
  "lang":"en",
  "name":"pipeline",
  "version":"0.0.0",
  "spacy_version":">=3.3.0,<3.4.0",
  "description":"",
  "author":"",
  "email":"",
  "url":"",
  "license":"",
  "spacy_git_version":"497a708c7",
  "vectors":{
    "width":0,
    "vectors":0,
    "keys":0,
    "name":null,
    "mode":"default"
  },
  "labels":{
    "tok2vec":[

    ],
    "ner":[
      "Covenant Not To Sue",
      "Governing Law",
      "Insurance",
      "Termination For Convenience",
      "Warranty Duration"
    ]
  },
  "pipeline":[
    "tok2vec",
    "ner"
  ],
  "components":[
    "tok2vec",
    "ner"
  ],
  "disabled":[

  ],
  "performance":{
    "ents_f":0.9402714932,
    "ents_p":0.9445454545,
    "ents_r":0.936036036,
    "ents_per_type":{
      "Warranty Duration":{
        "p":0.8545454545,
        "r":0.9038461538,
        "f":0.8785046729
      },
      "Governing Law":{
        "p":0.9830508475,
        "r":0.9802816901,
        "f":0.9816643159
      },
      "Termination For Convenience":{
        "p":0.9536423841,
        "r":0.9,
        "f":0.9260450161
      },
      "Covenant Not To Sue":{
        "p":0.9652173913,
        "r":0.9173553719,
        "f":0.9406779661
      },
      "Insurance":{
        "p":0.9243243243,
        "r":0.9243243243,
        "f":0.9243243243
      }
    },
    "tok2vec_loss":2110681.3399603264,
    "ner_loss":642.2865890556
  }
}